name,lig_atom1_x,y,z,lig_atom2_x,y,z,lig_atom3_x,y,z,rec_atom_1_x,y,z,rec_atom_2_x,y,z,rec_atom3_x,y,z 
model.000.00.pdb,22.212,-30.508,-17.820, 22.115,-33.917,-12.091, 18.946,-25.421,-21.935, 17.140,-29.506,-13.167, 19.460,-38.089,-22.975, 22.607,-35.913,-23.147,
model.000.01.pdb,20.186,-34.160,-7.357, 22.530,-34.381,-13.652, 24.438,-34.271,-2.378, 17.140,-29.506,-13.167, 19.460,-38.089,-22.975, 22.607,-35.913,-23.147,
model.000.02.pdb,24.602,-30.540,-15.505, 21.026,-34.607,-11.188, 25.637,-24.515,-16.979, 17.140,-29.506,-13.167, 19.460,-38.089,-22.975, 22.607,-35.913,-23.147,
model.000.03.pdb,27.503,-32.345,-1.797, 23.248,-34.296,-5.160, 34.125,-31.210,-2.445, 17.140,-29.506,-13.167, 19.460,-38.089,-22.975, 22.607,-35.913,-23.147,
model.000.04.pdb,24.986,-30.135,-16.543, 23.026,-28.715,-10.356, 20.803,-30.500,-22.603, 17.140,-29.506,-13.167, 19.460,-38.089,-22.975, 22.607,-35.913,-23.147,
model.000.05.pdb,51.359,-8.420,-0.370, 56.706,-11.474,-2.187, 46.008,-7.613,-3.997, 17.140,-29.506,-13.167, 19.460,-38.089,-22.975, 22.607,-35.913,-23.147,
model.000.06.pdb,21.113,-26.443,-15.937, 22.784,-32.389,-14.335, 16.765,-20.794,-13.986, 17.140,-29.506,-13.167, 19.460,-38.089,-22.975, 22.607,-35.913,-23.147,
model.000.07.pdb,38.889,-2.619,20.235, 45.344,-2.173,20.668, 35.833,-3.908,14.926, 17.140,-29.506,-13.167, 19.460,-38.089,-22.975, 22.607,-35.913,-23.147,
model.000.08.pdb,15.979,-25.432,-21.030, 19.558,-30.114,-21.741, 11.469,-20.842,-17.803, 17.140,-29.506,-13.167, 19.460,-38.089,-22.975, 22.607,-35.913,-23.147,
model.000.09.pdb,20.735,-28.833,-19.956, 21.566,-29.092,-25.287, 22.748,-31.618,-11.575, 17.140,-29.506,-13.167, 19.460,-38.089,-22.975, 22.607,-35.913,-23.147,
model.000.10.pdb,29.493,-5.577,-40.482, 23.647,-3.218,-42.056, 31.614,-6.262,-34.566, 17.140,-29.506,-13.167, 19.460,-38.089,-22.975, 22.607,-35.913,-23.147,
model.000.11.pdb,45.356,2.840,7.073, 51.071,4.493,4.504, 40.438,0.742,3.771, 17.140,-29.506,-13.167, 19.460,-38.089,-22.975, 22.607,-35.913,-23.147,
model.000.12.pdb,20.078,-31.133,-10.088, 25.249,-32.796,-12.747, 19.270,-32.404,-3.795, 17.140,-29.506,-13.167, 19.460,-38.089,-22.975, 22.607,-35.913,-23.147,
model.000.13.pdb,24.839,-28.357,-21.724, 23.643,-25.347,-26.205, 26.842,-27.409,-16.290, 17.140,-29.506,-13.167, 19.460,-38.089,-22.975, 22.607,-35.913,-23.147,
model.000.14.pdb,33.593,-23.481,-0.838, 34.677,-27.623,-5.530, 33.554,-17.234,-1.464, 17.140,-29.506,-13.167, 19.460,-38.089,-22.975, 22.607,-35.913,-23.147,
model.000.15.pdb,8.850,6.022,-11.316, 2.675,5.216,-9.528, 13.700,2.610,-9.052, 17.140,-29.506,-13.167, 19.460,-38.089,-22.975, 22.607,-35.913,-23.147,
